,City,Cloudiness,Country,Date,Humidity,Lat,Lng,Max Temp,Wind Speed
0,Davila,20,PH,1586456680,74,18.47,120.58,78.8,3.36
1,Clyde River,5,CA,1586456681,84,70.47,-68.59,8.6,2.24
2,Hilo,1,US,1586456681,64,19.73,-155.09,77.0,2.73
3,Jizan,2,SA,1586456681,66,17.33,42.67,86.0,4.7
4,Barrow,1,US,1586456405,83,71.29,-156.79,-9.4,11.41
5,Thompson,5,CA,1586456681,52,55.74,-97.86,17.6,5.82
6,Mataura,96,NZ,1586456681,86,-46.19,168.86,52.0,3.0
7,Riyadh,75,SA,1586456523,11,24.69,46.72,96.8,10.29
8,Manbij,40,SY,1586456681,81,36.53,37.95,50.0,15.03
9,Farafangana,66,MG,1586456543,83,-22.82,47.83,75.56,8.7
10,Shelbyville,1,US,1586456386,33,35.48,-86.46,66.99,9.17
11,Rikitea,100,PF,1586456681,67,-23.12,-134.97,75.88,2.89
12,Port Alfred,56,ZA,1586456681,75,-33.59,26.89,70.72,21.94
13,Lüderitz,0,NA,1586456681,77,-26.65,15.16,62.6,13.87
14,Ushuaia,32,AR,1586456644,45,-54.8,-68.3,66.2,11.41
15,Kaitangata,98,NZ,1586456682,81,-46.28,169.85,48.99,10.13
16,Pangnirtung,20,CA,1586456682,78,66.15,-65.71,14.0,3.31
17,San Patricio,5,MX,1586456682,78,19.22,-104.7,80.6,11.41
18,Cidreira,30,BR,1586456682,63,-30.18,-50.21,68.88,14.29
19,Mazamari,77,PE,1586456682,49,-11.33,-74.53,83.62,2.37
20,Beringovskiy,88,RU,1586456682,93,63.05,179.32,12.85,6.91
21,South Yarmouth,90,US,1586456682,87,41.67,-70.18,48.2,14.99
22,Alice Springs,3,AU,1586456682,66,-23.7,133.88,51.8,3.36
23,Mingora,91,PK,1586456682,52,34.78,72.36,57.24,6.64
24,Praia da Vitória,20,PT,1586456682,72,38.73,-27.07,66.2,3.47
25,Bambous Virieux,40,MU,1586456683,83,-20.34,57.76,77.0,3.36
26,Bredasdorp,99,ZA,1586456683,55,-34.53,20.04,62.6,3.36
27,Zelenoborskiy,55,RU,1586456683,92,66.84,32.36,20.26,7.92
28,Yellowknife,90,CA,1586456683,85,62.46,-114.35,21.0,13.87
29,Narsaq,75,GL,1586456683,30,60.92,-46.05,41.0,35.57
30,Vanino,51,RU,1586456683,89,49.09,140.25,31.69,6.22
31,Butaritari,84,KI,1586456683,79,3.07,172.79,83.44,12.86
32,Teya,74,RU,1586456683,92,60.38,92.63,26.82,8.05
33,Cape Town,99,ZA,1586456531,63,-33.93,18.42,64.0,2.24
34,Kamenka,81,RU,1586456683,52,51.32,42.77,48.99,1.99
35,Pisco,49,PE,1586456384,30,-13.7,-76.22,78.01,10.29
36,Busko-Zdrój,1,PL,1586456683,1,50.47,20.72,64.0,8.86
37,Kindu,73,CD,1586456683,83,-2.95,25.95,72.86,4.45
38,Qaanaaq,100,GL,1586456683,85,77.48,-69.36,15.19,4.09
39,Albany,90,US,1586456537,81,42.6,-73.97,50.0,9.17
40,Bocas del Toro,89,PA,1586456684,47,9.33,-82.25,78.01,11.99
41,Hong Kong,0,HK,1586456565,73,22.29,114.16,71.01,6.93
42,Bonavista,5,CA,1586456684,51,48.65,-53.11,36.0,10.0
43,Skjervøy,100,NO,1586456684,90,70.03,20.97,30.6,19.51
44,Kapaa,1,US,1586456684,78,22.08,-159.32,71.6,4.7
45,Upernavik,0,GL,1586456684,86,72.79,-56.15,16.93,7.07
46,Carnarvon,85,AU,1586456684,88,-24.87,113.63,75.2,9.17
47,Vangaindrano,62,MG,1586456684,91,-23.35,47.6,72.18,8.25
48,Leh,99,IN,1586456684,23,34.17,77.58,24.15,5.93
49,Tasiilaq,34,GL,1586456685,46,65.61,-37.64,30.2,13.87
50,Iqaluit,20,CA,1586456690,72,63.75,-68.51,17.6,12.75
51,Punta Arenas,75,CL,1586456690,62,-53.15,-70.92,62.6,4.7
52,Bluff,99,NZ,1586456690,86,-46.6,168.33,52.0,3.0
53,Ilulissat,5,GL,1586456690,53,69.22,-51.1,24.8,3.36
54,Vaini,20,TO,1586456690,78,-21.2,-175.2,75.2,8.05
55,Guerrero Negro,0,MX,1586456690,49,27.98,-114.06,63.46,15.12
56,Hithadhoo,64,MV,1586456690,64,-0.6,73.08,84.94,4.9
57,Chiari,2,IT,1586456690,53,45.54,9.93,71.01,4.7
58,Kiryat Gat,20,IL,1586456690,67,31.61,34.76,62.01,5.82
59,Kunduz,45,AF,1586456690,69,36.73,68.86,39.4,2.95
60,Busselton,64,AU,1586456691,62,-33.65,115.33,72.0,7.63
61,Baker City,1,US,1586456691,26,44.77,-117.83,60.8,11.41
62,Touros,40,BR,1586456691,59,-5.2,-35.46,89.6,11.41
63,Terney,71,RU,1586456691,95,45.05,136.61,30.18,4.47
64,Si Racha,20,TH,1586456691,79,13.17,100.93,89.01,9.17
65,São Filipe,0,CV,1586456691,62,14.9,-24.5,78.22,10.07
66,Saint Anthony,40,US,1586456691,44,45.02,-93.22,39.2,21.92
67,Ciudad de Armería,5,MX,1586456691,24,18.93,-103.97,89.6,6.87
68,Paradise,75,US,1586456415,53,36.1,-115.15,57.99,6.93
69,Saldanha,100,ZA,1586456691,77,-33.01,17.94,66.2,10.29
70,Nikolskoye,40,RU,1586456691,69,59.7,30.79,37.4,6.71
71,Puerto Ayora,75,EC,1586456643,79,-0.74,-90.35,84.99,9.17
72,Taltal,6,CL,1586456691,58,-25.4,-70.48,71.11,6.4
73,Yurga,100,RU,1586456692,93,55.72,84.89,27.07,6.4
74,Kavieng,72,PG,1586456692,75,-2.57,150.8,83.08,7.38
75,Dubí,11,CZ,1586456692,54,50.69,13.79,60.01,8.05
76,Vao,8,NC,1586456692,74,-22.67,167.48,73.98,16.04
77,Kumul,0,CN,1586456692,20,42.8,93.45,61.23,16.87
78,Cabedelo,20,BR,1586456692,66,-6.98,-34.83,87.8,9.17
79,Norman Wells,75,CA,1586456692,53,65.28,-126.83,21.2,17.22
80,Youghal,75,IE,1586456692,76,51.95,-7.85,57.99,8.05
81,Tuktoyaktuk,90,CA,1586456692,83,69.45,-133.04,-5.8,9.17
82,Yurimaguas,40,PE,1586456692,100,-5.9,-76.08,48.2,1.7
83,Klaksvík,100,FO,1586456693,81,62.23,-6.59,42.8,8.05
84,Nsanje,40,MW,1586456560,84,-16.92,35.26,73.65,7.49
85,Geraldton,4,AU,1586456693,82,-28.77,114.6,68.0,4.7
86,Nabire,92,ID,1586456693,88,-3.37,135.48,76.69,1.54
87,Pital,100,CO,1586456693,58,2.27,-75.8,74.75,1.97
88,Cabo San Lucas,40,MX,1586456432,57,22.89,-109.91,79.0,4.7
89,Dingle,17,PH,1586456693,75,11.0,122.67,78.49,8.01
90,Kruszwica,21,PL,1586456693,43,52.68,18.33,55.0,16.11
91,Quatre Cocos,40,MU,1586456693,83,-20.21,57.76,77.0,3.36
92,Moranbah,8,AU,1586456693,87,-22.0,148.05,65.53,10.63
93,Pacific Grove,90,US,1586456693,82,36.62,-121.92,57.99,18.34
94,Sørland,100,NO,1586456693,81,67.67,12.69,34.11,20.29
95,Zhigansk,100,RU,1586456694,91,66.77,123.37,33.57,19.93
96,Thetford Mines,100,CA,1586456406,91,46.09,-71.3,36.0,1.01
97,Pyatnitskoye,44,RU,1586456694,56,50.42,37.83,51.19,5.46
98,Atar,0,MR,1586456694,7,20.52,-13.05,101.16,14.18
99,Kilakarai,8,IN,1586456694,71,9.23,78.78,85.68,7.87
100,Eyl,70,SO,1586456699,64,7.98,49.82,82.78,11.3
101,Ciudad Bolivar,99,VE,1586456699,28,8.12,-63.55,100.45,8.43
102,Qobustan,75,AZ,1586456699,93,40.08,49.41,46.4,4.7
103,Dolores,25,AR,1586456699,54,-36.31,-57.68,66.56,8.61
104,Hasaki,20,JP,1586456699,87,35.73,140.83,45.0,9.17
105,Srednekolymsk,83,RU,1586456699,90,67.45,153.68,0.7,9.86
106,Wilmington,1,US,1586456699,44,34.23,-77.94,86.0,14.99
107,Lebu,52,CL,1586456700,63,-37.62,-73.65,61.14,5.28
108,Diamantino,19,BR,1586456700,59,-14.41,-56.45,85.95,7.27
109,Bud,1,US,1586456700,34,39.45,-86.18,54.0,17.22
110,La Cruz,100,MX,1586456700,52,23.92,-106.9,88.0,3.0
111,Santa Vitória do Palmar,32,BR,1586456700,62,-33.52,-53.37,66.4,13.91
112,Atambua,26,ID,1586456700,78,-9.11,124.89,72.93,3.2
113,Saskylakh,100,RU,1586456700,95,71.92,114.08,26.49,17.4
114,Bengkulu,98,ID,1586456700,80,-3.8,102.27,78.48,3.85
115,Galle,22,LK,1586456700,78,6.04,80.22,80.67,1.92
116,Naze,75,JP,1586456701,68,28.37,129.48,66.2,10.29
117,Tautira,80,PF,1586456701,66,-17.73,-149.15,86.0,11.41
118,Kununurra,75,AU,1586456701,45,-15.77,128.73,84.2,17.22
119,Chui,46,UY,1586456701,62,-33.7,-53.46,66.34,13.71
120,Avarua,75,CK,1586456701,78,-21.21,-159.78,82.4,13.87
121,Mahébourg,40,MU,1586456701,83,-20.41,57.7,77.0,3.36
122,Dikson,91,RU,1586456701,97,73.51,80.55,18.63,14.67
123,Portland,20,US,1586456422,44,45.52,-122.68,66.2,9.17
124,Grand Gaube,40,MU,1586456701,83,-20.01,57.66,77.0,3.36
125,Santa Rosa,20,PH,1586456702,78,14.31,121.11,80.6,5.82
126,Am Timan,51,TD,1586456702,32,11.03,20.28,89.64,3.13
127,Khatanga,82,RU,1586456702,92,71.97,102.5,21.29,14.27
128,Jamestown,90,US,1586456468,69,42.1,-79.24,46.4,19.46
129,Makkah al Mukarramah,86,SA,1586456568,41,21.43,39.83,78.4,3.83
130,Atuona,93,PF,1586456702,78,-9.8,-139.03,82.56,14.79
131,Northam,73,GB,1586456702,62,51.03,-4.22,66.99,10.2
132,Roald,75,NO,1586456702,77,62.58,6.13,37.99,14.99
133,Ribeira Grande,20,PT,1586456702,82,38.52,-28.7,64.4,4.7
134,Zhezkazgan,98,KZ,1586456702,78,47.8,67.71,36.88,9.69
135,Hermanus,100,ZA,1586456702,90,-34.42,19.23,64.0,3.69
136,Hobart,5,AU,1586456411,76,-42.88,147.33,53.6,13.87
137,Leningradskiy,44,RU,1586456644,90,69.38,178.42,-7.82,5.97
138,Ust'-Koksa,100,RU,1586456467,58,50.27,85.61,33.57,3.8
139,Zhongshu,50,CN,1586456703,57,24.52,103.77,55.56,4.29
140,Eagle Pass,20,US,1586456703,46,28.71,-100.5,89.6,12.75
141,Sydney,75,AU,1586456423,88,-33.87,151.21,64.99,5.82
142,Severobaykal'sk,27,RU,1586456703,71,55.65,109.32,30.56,2.51
143,Noumea,1,NC,1586456465,77,-22.28,166.46,64.4,1.12
144,East London,19,ZA,1586456651,78,-33.02,27.91,70.86,20.69
145,Kruisfontein,83,ZA,1586456703,48,-34.0,24.73,65.21,4.83
146,Benito Juarez,20,MX,1586456410,27,19.39,-99.17,87.8,4.7
147,Lagoa,100,PT,1586456703,72,39.05,-27.98,62.13,7.4
148,Alekseyevsk,63,RU,1586456703,76,57.84,108.35,36.0,4.05
149,Aksarka,100,RU,1586456703,95,66.56,67.8,33.06,20.74
150,Gigmoto,3,PH,1586456709,71,13.78,124.39,80.62,6.62
151,Faanui,85,PF,1586456709,77,-16.48,-151.75,82.69,11.39
152,Smithers,75,CA,1586456534,59,54.78,-127.17,41.0,4.23
153,George Town,20,MY,1586456709,83,5.41,100.34,82.4,5.82
154,Dustlik,21,UZ,1586456709,58,40.52,68.04,42.39,8.43
155,Muros,75,ES,1586456709,100,42.78,-9.06,62.01,9.17
156,Raudeberg,100,NO,1586456709,55,61.99,5.14,39.2,10.29
157,Batagay,72,RU,1586456709,92,67.63,134.63,20.71,5.44
158,Shakhtinsk,89,KZ,1586456709,79,49.71,72.59,28.4,8.95
159,Ust'-Omchug,0,RU,1586456709,81,61.15,149.63,-2.06,2.8
160,Carauari,76,BR,1586456709,64,-4.88,-66.9,88.59,3.04
161,Lorengau,15,PG,1586456710,77,-2.02,147.27,81.48,4.9
162,Pombal,94,BR,1586456710,42,-6.77,-37.8,92.01,3.87
163,Garoowe,91,SO,1586456710,50,8.41,48.48,79.66,18.5
164,Mar del Plata,20,AR,1586456660,68,-38.0,-57.56,64.4,11.41
165,Miura,75,JP,1586456710,81,35.14,139.62,48.99,11.41
166,Nome,90,US,1586456710,85,64.5,-165.41,10.99,17.22
167,Arraial do Cabo,75,BR,1586456605,73,-22.97,-42.03,77.0,20.8
168,Saint-Philippe,5,RE,1586456710,73,-21.36,55.77,78.8,6.93
169,Warri,57,NG,1586456710,76,5.52,5.75,82.54,5.59
170,Marzuq,45,YE,1586456710,29,14.4,46.47,73.76,6.11
171,Broome,90,US,1586456710,80,42.25,-75.83,43.0,14.99
172,Tessalit,38,ML,1586456710,8,20.2,1.01,95.18,9.06
173,Chaska,75,US,1586456710,59,44.79,-93.6,39.2,18.34
174,Biltine,82,TD,1586456711,15,14.53,20.92,92.57,5.21
175,Chokurdakh,95,RU,1586456646,95,70.63,147.92,4.51,8.55
176,Port Elizabeth,72,ZA,1586456711,93,-33.92,25.57,64.4,4.7
177,Abu Samrah,59,SY,1586456711,59,35.3,37.18,56.39,11.54
178,Loikaw,17,MM,1586456711,33,19.67,97.21,70.05,4.45
179,Kalmunai,11,LK,1586456711,77,7.42,81.82,81.34,8.08
180,Pergamino,0,AR,1586456547,42,-33.89,-60.57,75.0,1.99
181,Marsá Maţrūḩ,23,EG,1586456711,68,31.35,27.25,59.13,18.77
182,Los Llanos de Aridane,40,ES,1586456711,78,28.66,-17.92,71.6,9.17
183,Gerede,30,TR,1586456712,63,40.8,32.2,34.75,4.34
184,Najrān,1,SA,1586456712,14,17.49,44.13,84.2,6.93
185,Iranshahr,24,IR,1586456712,34,27.2,60.68,78.8,7.94
186,Makakilo City,1,US,1586456642,83,21.35,-158.09,73.4,4.25
187,Kaffrine,0,SN,1586456712,10,14.11,-15.55,107.6,4.7
188,Bathsheba,40,BB,1586456712,62,13.22,-59.52,86.0,16.11
189,Palmer,90,US,1586456712,93,42.16,-72.33,50.0,11.41
190,Vestmanna,100,FO,1586456712,81,62.16,-7.17,42.8,8.05
191,Kisangani,100,CD,1586456712,83,0.52,25.2,71.98,1.43
192,Inuvik,40,CA,1586456534,71,68.35,-133.72,12.2,3.36
193,Sturgis,75,US,1586456712,41,41.8,-85.42,46.0,14.99
194,Progreso,40,MX,1586456712,27,21.28,-89.67,102.99,4.7
195,Alofi,98,NU,1586456712,82,-19.06,-169.92,81.5,14.45
196,Aden,20,YE,1586456420,71,12.78,45.04,82.26,18.48
197,Natal,40,BR,1586456507,66,-5.79,-35.21,89.6,13.87
198,Auki,21,SB,1586456713,78,-8.77,160.7,81.23,4.52
199,Esperance,90,AU,1586456713,93,-33.87,121.9,66.2,9.17
200,Souillac,40,MU,1586456718,83,-20.52,57.52,77.0,3.36
201,Agirish,87,RU,1586456718,85,61.92,63.02,33.37,12.06
202,Flinders,75,AU,1586456718,100,-34.58,150.86,64.99,4.7
203,Kemijärvi,84,FI,1586456718,93,66.71,27.43,18.61,4.27
204,Mil'kovo,100,RU,1586456718,93,54.72,158.62,20.5,2.8
205,Constitución,28,CL,1586456718,62,-35.33,-72.42,62.78,10.47
206,Rumford,90,US,1586456719,86,44.55,-70.55,41.0,4.7
207,Mt. Pleasant,1,US,1586456461,37,32.79,-79.86,88.0,13.87
208,Ponta Delgada,20,PT,1586456668,82,37.73,-25.67,62.6,9.17
209,Morden,90,CA,1586456618,67,49.19,-98.1,32.0,14.99
210,Vallenar,7,CL,1586456719,28,-28.57,-70.76,79.81,9.4
211,Grootfontein,48,NA,1586456719,37,-19.57,18.12,70.12,6.13
212,Kalāleh,97,IR,1586456719,93,37.38,55.49,44.6,4.38
213,Tiksi,100,RU,1586456719,86,71.69,128.87,34.79,37.2
214,Horodnytsya,5,UA,1586456719,55,50.81,27.32,55.71,7.25
215,Te Anau,12,NZ,1586456719,75,-45.42,167.72,45.84,2.64
216,Ko Samui,2,TH,1586456566,77,9.54,99.94,84.15,12.77
217,Andenes,99,NO,1586456719,86,69.31,16.12,30.2,13.87
218,Cabot,40,US,1586456488,32,34.97,-92.02,71.01,6.93
219,Castro,17,BR,1586456560,32,-24.79,-50.01,72.72,4.9
220,Westport,90,US,1586456634,87,41.14,-73.36,55.99,3.36
221,Grindavik,75,IS,1586456720,86,63.84,-22.43,39.2,8.05
222,Talnakh,90,RU,1586456720,92,69.49,88.4,14.0,35.79
223,Provideniya,100,RU,1586456720,92,64.38,-173.3,6.4,7.76
224,Vung Tau,49,VN,1586456720,83,10.35,107.08,80.82,15.39
225,Longyearbyen,75,SJ,1586456656,66,78.22,15.64,10.4,16.11
226,Anadyr,40,RU,1586456720,83,64.75,177.48,-5.8,4.47
227,Bambanglipuro,27,ID,1586456720,83,-7.95,110.28,78.64,3.51
228,Sobolevo,100,RU,1586456720,74,54.43,31.9,50.67,8.43
229,Ust-Maya,100,RU,1586456721,96,60.42,134.53,29.7,2.84
230,Le Port,20,RE,1586456721,78,-20.94,55.29,78.8,11.41
231,Shenkursk,100,RU,1586456721,93,62.11,42.9,35.98,5.82
232,Airai,22,TL,1586456721,70,-8.93,125.41,60.1,0.67
233,Puerto López,100,CO,1586456721,80,4.08,-72.96,79.03,6.44
234,Bilibino,100,RU,1586456721,86,68.05,166.44,-5.6,2.68
235,Maceió,40,BR,1586456617,74,-9.67,-35.74,86.0,11.41
236,Vila Franca do Campo,20,PT,1586456721,82,37.72,-25.43,62.6,9.17
237,Rosita,97,NI,1586456721,34,13.93,-84.4,94.62,4.54
238,Haines Junction,100,CA,1586456721,85,60.75,-137.51,22.26,3.98
239,Bonthe,19,SL,1586456722,71,7.53,-12.51,85.78,9.17
240,Martapura,64,ID,1586456722,91,-3.42,114.85,75.92,1.77
241,Eureka,90,US,1586456722,81,40.8,-124.16,64.0,5.82
242,Cannock,86,GB,1586456722,52,52.69,-2.03,66.2,11.41
243,Makassar,20,ID,1586456722,100,-5.14,119.42,77.0,3.36
244,Harper,99,LR,1586456722,71,4.38,-7.72,82.85,2.28
245,Gardone Val Trompia,5,IT,1586456515,39,45.69,10.19,69.8,1.12
246,Halkirk,92,CA,1586456722,59,52.28,-112.15,33.01,18.99
247,Nishihara,20,JP,1586456722,77,26.18,127.76,62.6,9.17
248,Bethel,90,US,1586456722,81,41.37,-73.41,55.0,10.29
249,Aginskoye,0,RU,1586456723,45,51.1,114.53,35.29,2.48
250,Gravdal,96,NO,1586456728,83,68.12,13.5,34.07,20.38
251,Durban,72,ZA,1586456455,82,-29.86,31.03,66.2,9.17
252,Ponta do Sol,40,PT,1586456728,82,32.67,-17.1,68.0,10.29
253,Keokuk,75,US,1586456661,29,40.4,-91.38,54.0,19.46
254,Freeport,90,US,1586456728,93,40.66,-73.58,57.2,25.28
255,New Norfolk,11,AU,1586456728,66,-42.78,147.06,55.4,13.87
256,Kavaratti,0,IN,1586456728,71,10.57,72.64,84.33,11.39
257,Victor Harbor,75,AU,1586456728,87,-35.57,138.62,57.0,10.29
258,Ostrovnoy,100,RU,1586456728,93,68.05,39.51,22.44,21.81
259,Arlit,89,NE,1586456728,9,18.74,7.39,93.47,10.04
260,Khanbari,53,NP,1586456729,23,27.37,87.2,65.12,6.04
261,Tocopilla,7,CL,1586456729,33,-22.09,-70.2,84.69,7.09
262,Kendrapara,26,IN,1586456729,94,20.5,86.42,78.8,8.88
263,Dudinka,90,RU,1586456729,92,69.41,86.18,14.0,35.79
264,Krasnyy Chikoy,0,RU,1586456729,51,50.36,108.75,35.96,2.24
265,Taoudenni,0,ML,1586456729,8,22.68,-3.98,99.18,11.59
266,Severo-Kuril'sk,74,RU,1586456729,93,50.68,156.12,27.59,4.41
267,Thinadhoo,19,MV,1586456729,63,0.53,72.93,84.83,2.93
268,Aksu,100,CN,1586456729,17,41.12,80.26,64.42,3.33
269,Houma,75,US,1586456730,70,29.6,-90.72,90.0,4.7
270,St. George's,20,GD,1586456730,70,12.06,-61.75,84.2,17.22
271,Aswān,1,EG,1586456730,19,24.09,32.91,74.7,9.44
272,Lompoc,90,US,1586456730,93,34.64,-120.46,53.01,4.7
273,Morada Nova,100,BR,1586456730,62,-5.11,-38.37,88.03,6.6
274,Neiafu,40,TO,1586456730,94,-18.65,-173.98,75.2,12.68
275,Egvekinot,51,RU,1586456730,86,66.32,-179.17,-5.48,6.22
276,Wasilla,1,US,1586456731,49,61.58,-149.44,30.2,1.34
277,Pevek,100,RU,1586456731,92,69.7,170.31,-2.87,6.04
278,Yangi Marg`ilon,5,UZ,1586456731,64,40.43,71.72,39.2,9.17
279,Pernik,0,BG,1586456731,33,42.6,23.03,57.2,4.7
280,Acapulco de Juárez,20,MX,1586456706,70,16.86,-99.89,84.2,9.17
281,Kaoma,44,ZM,1586456731,65,-14.78,24.8,65.62,6.06
282,Karakol,98,KG,1586456731,45,42.49,78.39,30.34,5.77
283,Coquimbo,40,CL,1586456731,56,-29.95,-71.34,71.6,11.41
284,Torbay,40,CA,1586456731,40,47.67,-52.73,39.0,10.29
285,Asău,0,RO,1586456731,46,46.43,26.4,57.2,2.24
286,Visby,0,SE,1586456732,65,57.64,18.3,44.01,6.93
287,Leeton,90,AU,1586456732,100,-34.57,146.4,59.0,6.93
288,Husavik,0,IS,1586456732,48,66.04,-17.34,39.2,3.36
289,Kaniama,87,CD,1586456732,70,-7.57,24.18,71.26,2.28
290,Nhulunbuy,40,AU,1586456732,88,-12.23,136.77,77.0,5.82
291,Saint George,40,US,1586456732,62,37.1,-113.58,53.01,6.93
292,Tres Arroyos,0,AR,1586456732,28,-38.37,-60.28,69.6,9.31
293,Nakamura,0,JP,1586456732,66,32.98,132.93,47.01,6.35
294,Meulaboh,100,ID,1586456733,83,4.14,96.13,79.43,8.99
295,Warrington,99,GB,1586456733,67,53.39,-2.58,64.4,10.29
296,Fortuna,90,US,1586456564,100,40.6,-124.16,64.0,6.58
297,Massakory,89,TD,1586456733,9,13.0,15.73,94.05,11.27
298,Iquique,36,CL,1586456645,57,-20.22,-70.14,75.2,16.11
299,Cap-aux-Meules,20,CA,1586456733,48,47.38,-61.86,39.2,9.17
300,Salamiyah,69,SY,1586456738,64,35.01,37.05,54.72,11.03
301,Dunedin,91,NZ,1586456613,81,-45.87,170.5,50.0,13.47
302,Solnechnyy,0,RU,1586456738,90,50.72,136.63,29.46,5.21
303,Vegreville,95,CA,1586456539,78,53.5,-112.05,32.22,11.63
304,Liezen,57,AT,1586456738,36,47.57,14.23,64.99,3.36
305,Laas,5,IT,1586456738,43,46.62,10.7,69.8,5.82
306,Japura,97,ID,1586456738,96,-0.32,102.35,74.91,1.9
307,Korla,0,CN,1586456739,19,41.76,86.15,63.1,10.11
308,Mortka,0,RU,1586456739,97,59.33,66.02,30.56,9.37
309,São Gabriel da Cachoeira,40,BR,1586456739,70,-0.13,-67.09,87.8,5.82
310,Ugoofaaru,10,MV,1586456739,71,5.67,73.0,85.39,3.98
311,Tiznit Province,1,MA,1586456739,43,29.58,-9.5,66.79,5.26
312,Rodolfo Sánchez Taboada,36,MX,1586456739,68,31.72,-116.57,62.01,3.0
313,Acopiara,100,BR,1586456739,66,-6.1,-39.45,84.42,3.83
314,Lavrentiya,97,RU,1586456739,93,65.58,-171.0,4.93,5.93
315,Krāslava,96,LV,1586456739,70,55.9,27.17,42.6,10.51
316,Labuhan,43,ID,1586456740,85,-6.88,112.21,78.64,2.84
317,Phonhong,50,LA,1586456740,77,18.5,102.42,75.72,3.09
318,Mareeba,49,AU,1586456740,78,-17.0,145.43,75.2,8.05
319,Vardø,100,NO,1586456740,91,70.37,31.11,25.57,23.82
320,Faya,0,SA,1586456740,60,18.39,42.45,68.0,9.17
321,Amos,90,CA,1586456740,69,48.57,-78.12,39.0,4.7
322,Turukhansk,100,RU,1586456740,97,65.82,87.98,22.71,16.44
323,Oro Valley,1,US,1586456740,23,32.39,-110.97,64.99,5.99
324,Necochea,1,AR,1586456740,73,-38.55,-58.74,70.0,4.0
325,Batagay-Alyta,37,RU,1586456740,85,67.8,130.41,18.77,6.69
326,Olinda,40,BR,1586456741,70,-8.01,-34.86,86.0,8.05
327,Mwense,72,ZM,1586456741,68,-10.38,28.7,69.53,6.55
328,Elk Plain,1,US,1586456741,47,47.05,-122.4,61.0,4.68
329,Shingū,24,JP,1586456741,59,33.73,135.98,46.6,6.31
330,Aleppo Governorate,12,SY,1586456741,64,36.25,37.5,54.21,15.32
331,Selizharovo,99,RU,1586456741,82,56.85,33.45,44.08,8.21
332,Ponérihouen,13,NC,1586456741,79,-21.08,165.4,73.33,12.06
333,Chifeng,0,CN,1586456741,55,42.27,118.96,36.09,3.31
334,Comodoro Rivadavia,47,AR,1586456443,25,-45.87,-67.5,84.2,10.29
335,Atwater,75,US,1586456451,100,37.35,-120.61,57.2,11.41
336,Mbini,52,GQ,1586456742,76,1.57,9.61,81.61,4.12
337,Pecos,90,US,1586456742,24,31.42,-103.49,78.8,17.22
338,Marawi,63,PH,1586456742,71,8.0,124.29,68.05,2.66
339,Bloemfontein,20,ZA,1586456742,72,-29.12,26.21,62.6,5.82
340,Boa Esperança,63,BR,1586456742,55,-21.09,-45.57,76.39,4.7
341,Sitka,75,US,1586456742,56,57.05,-135.33,42.8,4.14
342,Menzelinsk,45,RU,1586456742,64,55.73,53.1,39.2,8.95
343,Crateús,72,BR,1586456686,61,-5.18,-40.68,86.41,4.68
344,Kristiansand,1,NO,1586456742,36,58.15,8.0,46.4,10.29
345,Andapa,28,MG,1586456742,79,-14.65,49.65,69.44,2.48
346,Tuatapere,57,NZ,1586456743,86,-46.13,167.68,52.0,3.0
347,Bonfim,100,BR,1586456743,40,3.08,-59.95,94.05,2.15
348,Richards Bay,62,ZA,1586456743,83,-28.78,32.04,70.66,16.58
349,Mudon,7,MM,1586456743,80,16.26,97.72,76.71,5.37
350,Bilma,33,NE,1586456715,11,18.69,12.92,87.13,11.65
351,Lal'sk,100,RU,1586456748,76,60.74,47.59,40.14,11.03
352,Tete,75,MZ,1586456748,61,-16.16,33.59,80.6,14.99
353,Khani,75,GE,1586456748,81,41.96,42.96,50.0,9.17
354,Luzhou,100,CN,1586456748,66,28.87,105.44,68.52,2.48
355,Fukuechō,0,JP,1586456748,59,32.69,128.84,58.06,16.62
356,Kerema,88,PG,1586456749,86,-7.96,145.78,77.58,5.1
357,Lima,75,PE,1586456513,100,-12.04,-77.03,59.0,9.17
358,Sovetskaya Gavan',53,RU,1586456749,89,48.97,140.29,32.04,6.78
359,Cherskiy,91,RU,1586456749,89,68.75,161.3,-12.48,7.18
360,Hofn,98,IS,1586456749,80,64.25,-15.21,37.9,1.95
361,Yacuanquer,75,CO,1586456749,72,1.12,-77.4,73.4,9.17
362,Ucluelet,20,CA,1586456749,71,48.93,-125.55,57.99,4.7
363,Fort Nelson,40,CA,1586456749,28,58.81,-122.7,42.8,17.22
364,Port Macquarie,90,AU,1586456749,100,-31.43,152.92,63.0,4.7
365,Derzhavīnsk,22,KZ,1586456750,78,51.1,66.32,33.93,8.61
366,Broken Hill,0,AU,1586456647,76,-31.95,141.43,51.8,3.36
367,Innisfail,27,AU,1586456750,88,-17.53,146.03,70.63,4.85
368,Andros,0,GR,1586456750,44,37.83,24.93,57.99,16.11
369,Santa Isabel Rio Negro,94,BR,1586456750,71,-0.41,-65.02,84.02,3.96
370,Agadez,58,NE,1586456750,13,19.75,10.25,81.61,5.73
371,Kenscoff,20,HT,1586456750,43,18.45,-72.29,91.4,10.29
372,Puerto Escondido,5,MX,1586456750,69,15.85,-97.07,82.4,10.29
373,Coyhaique,95,CL,1586456750,55,-45.58,-72.07,64.4,6.93
374,Merced,90,US,1586456750,81,37.17,-120.75,57.2,16.11
375,Sinnamary,98,GF,1586456750,73,5.38,-52.95,82.56,11.7
376,Burnie,71,AU,1586456750,91,-41.07,145.92,55.0,1.99
377,Jaciara,62,BR,1586456751,75,-15.97,-54.97,81.41,6.58
378,Margate,0,GB,1586456751,66,51.38,1.39,61.0,8.05
379,Sijunjung,86,ID,1586456751,81,-0.69,100.95,73.72,0.67
380,Belém,75,BR,1586456631,88,-1.46,-48.5,82.4,13.87
381,College,20,US,1586456751,52,64.86,-147.8,17.6,6.93
382,Vostok,21,RU,1586456751,82,46.49,135.88,22.6,1.61
383,Sorrento,5,IT,1586456751,77,40.63,14.37,61.0,3.36
384,Skellefteå,59,SE,1586456752,55,64.75,20.95,37.4,4.7
385,Myitkyina,84,MM,1586456752,48,25.38,97.4,73.24,2.82
386,Chicama,20,PE,1586456752,83,-7.84,-79.15,71.6,13.87
387,Ahipara,73,NZ,1586456752,77,-35.17,173.17,61.2,17.0
388,Tilichiki,0,RU,1586456752,89,60.47,166.1,1.85,6.06
389,Angoram,55,PG,1586456752,97,-4.06,144.07,73.67,1.5
390,Kismayo,99,SO,1586456752,73,-0.36,42.55,84.6,10.67
391,Banyo,68,CM,1586456752,62,6.75,11.82,71.51,1.21
392,Newport,95,GB,1586456699,35,51.59,-3.0,71.6,4.7
393,Saurimo,76,AO,1586456752,68,-9.66,20.39,70.03,3.0
394,Vega de Alatorre,32,MX,1586456752,70,20.03,-96.63,84.16,4.7
395,Vammala,17,FI,1586456752,48,61.33,22.9,41.0,6.93
396,Ancud,90,CL,1586456752,77,-41.87,-73.82,59.0,9.17
397,Katsuura,75,JP,1586456753,81,35.13,140.3,46.99,11.41
398,Poum,25,NC,1586456753,76,-20.23,164.02,77.52,14.58
399,La Rioja,86,ES,1586456753,63,42.25,-2.5,66.2,8.05
400,Durango,99,MX,1586456758,11,24.83,-104.83,77.09,15.19
401,Sawtell,90,AU,1586456758,100,-30.38,153.1,64.4,0.92
402,San Ramon,90,US,1586456593,81,37.78,-121.98,60.8,9.17
403,Worland,1,US,1586456758,39,44.02,-107.96,51.01,3.36
404,Kysyl-Syr,98,RU,1586456758,92,63.9,122.76,33.93,6.51
405,São Gotardo,52,BR,1586456758,64,-19.31,-46.05,84.0,3.36
406,Binka,1,IN,1586456538,21,21.03,83.8,82.98,2.13
407,Garissa,88,KE,1586456758,57,-0.45,39.64,85.62,17.13
408,Cockburn Town,27,TC,1586456724,75,21.46,-71.14,78.13,7.49
409,Batticaloa,11,LK,1586456759,79,7.71,81.69,80.28,7.54
410,Atbasar,71,KZ,1586456759,81,51.8,68.33,31.8,7.31
411,Tortolì,75,IT,1586456759,82,39.93,9.66,60.8,3.36
412,Hualmay,32,PE,1586456759,64,-11.1,-77.61,78.76,10.16
413,Büren,0,DE,1586456759,42,51.55,8.57,64.99,4.7
414,Sal'sk,0,RU,1586456759,51,46.47,41.54,46.98,8.19
415,Shādegān,75,IR,1586456759,42,30.65,48.66,86.0,16.11
416,Mandalgovi,0,MN,1586456759,37,45.76,106.27,33.91,7.78
417,Ballina,75,AU,1586456759,93,-28.87,153.57,66.2,5.82
418,Sisimiut,0,GL,1586456759,87,66.94,-53.67,29.68,5.48
419,Saint Paul Harbor,1,US,1586456760,47,57.79,-152.41,37.4,5.84
420,Totolapan,75,MX,1586456760,70,18.52,-96.18,90.0,9.17
421,Codrington,1,AU,1586456760,76,-38.27,141.97,58.06,12.53
422,Moussoro,79,TD,1586456760,10,13.64,16.49,93.09,12.33
423,Nemuro,97,JP,1586456760,96,43.32,145.57,32.25,6.55
424,Tranås,0,SE,1586456760,41,58.04,14.98,46.4,6.93
425,Hambantota,26,LK,1586456760,70,6.12,81.12,82.76,3.22
426,Porbandar,0,IN,1586456760,84,21.64,69.61,76.78,9.24
427,Buraidah,40,SA,1586456760,33,26.33,43.98,87.8,12.75
428,San Rafael,0,AR,1586456760,25,-34.62,-68.33,76.06,16.84
429,San Quintín,2,MX,1586456761,49,30.48,-115.95,60.58,8.03
430,Nouadhibou,0,MR,1586456761,64,20.93,-17.03,73.4,18.34
431,Manuk Mangkaw,49,PH,1586456761,71,4.8,119.85,81.32,7.45
432,Bukachacha,7,RU,1586456761,70,52.98,116.92,30.38,3.76
433,Timmins,90,CA,1586456761,92,48.47,-81.33,30.2,14.99
434,Kalaswala,40,PK,1586456761,69,32.2,74.65,73.4,4.47
435,Belyy Yar,100,RU,1586456761,69,53.6,91.39,35.6,8.95
436,Flin Flon,5,CA,1586456762,38,54.77,-101.86,24.8,10.29
437,Soldotna,1,US,1586456762,58,60.49,-151.06,28.99,4.7
438,Ternate,77,ID,1586456762,80,0.8,127.4,79.07,7.81
439,Kangaatsiaq,0,GL,1586456762,86,68.31,-53.46,26.46,18.12
440,Abhā,1,SA,1586456762,60,18.22,42.51,68.0,9.17
441,Dourbali,52,TD,1586456762,12,11.81,15.86,90.16,2.15
442,Nānākuli,1,US,1586456762,83,21.39,-158.15,73.4,4.0
443,Black River,20,JM,1586456762,70,18.03,-77.85,86.0,14.99
444,Calvinia,39,ZA,1586456762,23,-31.47,19.78,63.64,6.53
445,Bay-Khaak,92,RU,1586456762,55,51.17,94.5,35.33,5.28
446,Sovetskiy,81,RU,1586456762,89,61.36,63.58,33.1,11.36
447,Havøysund,75,NO,1586456763,62,71.0,24.66,24.8,18.34
448,Ixtapa,5,MX,1586456763,48,20.7,-105.2,82.4,9.17
449,Payson,75,US,1586456763,54,40.04,-111.73,64.99,6.93
450,Mackay,40,AU,1586456768,88,-21.15,149.2,73.4,11.41
451,Tumba,35,SE,1586456768,36,59.2,17.83,46.99,5.82
452,Santa Lucía,20,ES,1586456768,64,27.91,-15.54,73.4,25.28
453,Presidencia Roque Sáenz Peña,0,AR,1586456768,28,-26.79,-60.44,77.14,5.1
454,Esna,0,EG,1586456768,33,25.29,32.55,77.0,3.36
455,Sept-Îles,20,CA,1586456507,55,50.2,-66.38,36.0,14.99
456,Aleksandrovskoye,0,RU,1586456768,52,44.71,43.0,42.8,6.71
457,Alyangula,90,AU,1586456769,94,-13.85,136.42,75.2,11.48
458,Fairbanks,20,US,1586456630,52,64.84,-147.72,17.6,6.93
459,Nuevitas,0,CU,1586456769,40,21.55,-77.26,88.81,7.29
460,Mahina,89,PF,1586456769,66,-17.51,-149.49,86.0,11.41
461,Sioux Lookout,90,CA,1586456769,80,50.1,-91.92,32.0,19.46
462,Guiratinga,60,BR,1586456769,53,-16.35,-53.76,85.28,2.06
463,Tuy Hoa,57,VN,1586456769,87,13.08,109.3,77.36,6.51
464,Oriximiná,100,BR,1586456769,72,-1.77,-55.87,82.81,3.0
465,Katangli,27,RU,1586456769,97,51.71,143.23,24.37,9.89
466,Valleyview,100,CA,1586456769,69,55.07,-117.29,43.07,9.98
467,Paramonga,52,PE,1586456769,69,-10.67,-77.83,77.47,11.12
468,Sydney,75,AU,1586456763,88,-33.87,151.21,64.99,5.82
469,Brigantine,75,US,1586456769,43,39.41,-74.36,71.6,23.04
470,Port Lincoln,0,AU,1586456770,69,-34.73,135.87,59.45,7.07
471,Moose Factory,1,CA,1586456770,47,51.26,-80.61,35.6,13.87
472,Ōhara,20,JP,1586456770,87,35.25,140.38,46.99,9.17
473,Nicoya,40,CR,1586456770,39,10.15,-85.45,96.8,18.34
474,Galesong,20,ID,1586456770,100,-5.32,119.37,77.0,3.36
475,Province of Mantua,0,IT,1586456770,19,45.17,10.78,70.0,3.36
476,Port Hedland,90,AU,1586456770,88,-20.32,118.57,78.8,4.7
477,Puerto Colombia,20,CO,1586456487,59,10.99,-74.95,93.2,12.75
478,Huarmey,53,PE,1586456770,57,-10.07,-78.15,82.31,11.56
479,Kalashnikovo,100,RU,1586456770,79,57.28,35.23,44.94,8.59
480,Brandon,75,US,1586456770,66,27.94,-82.29,88.0,6.93
481,Mayo,1,US,1586456752,42,38.89,-76.51,71.6,20.8
482,Vila,90,PT,1586456771,100,42.03,-8.16,62.01,9.17
483,Altay,60,CN,1586456771,38,47.87,88.12,45.12,12.12
484,Marinette,75,US,1586456771,35,45.1,-87.63,45.0,10.29
485,Skerries,100,IE,1586456771,81,53.58,-6.11,57.0,5.82
486,Porto Torres,7,IT,1586456771,72,40.84,8.4,60.8,6.93
487,Emerald,28,AU,1586456771,83,-23.53,148.17,69.8,6.93
488,Grafton,90,US,1586456771,87,42.21,-71.69,46.99,18.34
489,Yatou,22,CN,1586456771,77,37.15,122.38,41.07,11.16
490,Tarija,48,BO,1586456771,30,-21.54,-64.73,67.3,5.12
491,Mafeteng,74,LS,1586456771,41,-29.82,27.24,57.15,5.12
492,Logan,1,US,1586456505,26,41.74,-111.83,64.4,4.7
493,Sidi Ali,80,DZ,1586456772,64,36.1,0.42,63.39,6.91
494,Plaster Rock,90,CA,1586456772,44,46.91,-67.39,39.2,18.34
495,Ixtlahuacán del Río,5,MX,1586456772,11,20.87,-103.25,88.0,8.05
496,Walvis Bay,0,NA,1586456772,64,-22.96,14.51,68.0,3.36
497,Manzanillo,2,CU,1586456772,37,20.34,-77.12,91.98,8.81
498,Hlotse,50,LS,1586456772,47,-28.87,28.05,56.91,5.46
499,Beloha,65,MG,1586456772,72,-25.17,45.05,69.57,16.06
500,Rawson,0,AR,1586456777,33,-43.3,-65.1,76.05,28.36
501,Mossamedes,0,AO,1586456777,54,-15.2,12.15,76.5,16.15
502,Lázaro Cárdenas,10,MX,1586456777,39,17.96,-102.2,88.97,6.53
503,San Francisco,75,US,1586456759,71,37.77,-122.42,61.0,8.05
504,Bam,100,IR,1586456777,36,29.11,58.36,69.35,8.61
505,Shimoda,75,JP,1586456778,85,34.67,138.95,48.99,1.01
506,Lyuban',100,BY,1586456778,59,52.8,28.0,55.96,11.59
507,Micheweni,38,TZ,1586456778,76,-4.97,39.83,84.11,13.78
508,Pattoki,60,PK,1586456778,32,31.02,73.85,76.64,4.81
509,Sinazongwe,48,ZM,1586456778,55,-17.26,27.46,76.48,2.42
510,Khāsh,68,IR,1586456778,25,28.22,61.22,68.04,9.82
511,Guaraniaçu,0,BR,1586456778,27,-25.1,-52.88,76.15,2.3
512,Luganville,36,VU,1586456779,84,-15.53,167.17,76.03,9.1
513,Hamilton,40,US,1586456710,32,39.18,-84.53,55.99,17.22
514,Bereket,65,TM,1586456779,45,39.24,55.52,51.24,17.05
515,Yumen,0,CN,1586456779,24,40.28,97.2,45.82,19.82
516,Kulachi,59,PK,1586456779,43,31.93,70.46,76.86,11.63
517,Rocky Mountain House,99,CA,1586456779,55,52.37,-114.92,43.09,2.26
518,Alihe,0,CN,1586456779,76,50.57,123.72,30.9,3.62
519,Leshukonskoye,78,RU,1586456779,97,64.9,45.76,31.98,8.97
520,Ranau,20,MY,1586456779,88,5.95,116.66,80.6,3.36
521,Assiniboia,11,CA,1586456699,47,49.63,-105.98,34.9,9.04
522,Bria,76,CF,1586456779,67,6.54,21.99,75.88,4.12
523,Mount Isa,96,AU,1586456779,38,-20.73,139.5,73.4,12.75
524,Keetmanshoop,0,NA,1586456780,12,-26.58,18.13,84.2,4.7
525,Mount Abu,6,IN,1586456780,20,24.59,72.71,69.82,3.11
526,Yartsevo,100,RU,1586456780,82,55.07,32.7,48.76,8.23
527,Port-Cartier,20,CA,1586456780,55,50.03,-66.87,36.0,14.99
528,Pochutla,5,MX,1586456780,52,15.74,-96.47,93.0,9.48
529,Cienfuegos,12,CU,1586456780,59,22.15,-80.44,96.8,11.41
530,Ust'-Shonosha,100,RU,1586456780,92,61.15,41.34,36.23,5.41
531,Ørnes,75,NO,1586456780,64,66.87,13.71,35.6,17.22
532,Oga,49,IT,1586456780,45,46.46,10.35,59.0,1.12
533,Waingapu,29,ID,1586456781,78,-9.66,120.26,79.16,5.73
534,Carballo,40,ES,1586456781,82,43.21,-8.69,64.4,6.93
535,Kiama,75,AU,1586456781,100,-34.68,150.87,64.99,4.7
536,Neuquén,0,AR,1586456698,36,-38.95,-68.06,78.8,2.24
537,Bodītī,19,ET,1586456781,40,6.97,37.87,66.47,6.24
538,Vanimo,52,PG,1586456781,84,-2.67,141.3,78.8,4.9
539,Vozhega,100,RU,1586456781,92,60.47,40.22,37.09,4.88
540,Lewistown,75,US,1586456781,53,40.6,-77.57,55.99,14.99
541,Tot'ma,100,RU,1586456782,77,59.97,42.76,42.01,8.05
542,Fereydūnkenār,100,IR,1586456782,50,36.69,52.52,50.14,4.52
543,Batemans Bay,80,AU,1586456637,100,-35.72,150.18,57.99,5.12
544,Port Hawkesbury,1,CA,1586456782,28,45.62,-61.35,46.99,3.36
545,Mariehamn,2,AX,1586456782,55,60.1,19.93,39.2,4.7
546,Illapel,29,CL,1586456782,39,-31.63,-71.17,76.24,8.68
547,Lethem,100,GY,1586456782,35,3.38,-59.8,96.44,7.85
548,Bacolod City,43,PH,1586456782,75,10.67,122.95,79.14,6.08
549,Gillette,1,US,1586456782,41,44.29,-105.5,42.01,10.29
550,Camacha,20,PT,1586456788,77,33.08,-16.33,68.0,9.17
551,Chapais,40,CA,1586456788,47,49.78,-74.85,37.4,18.34
552,Zorritos,75,PE,1586456788,33,-3.68,-80.68,89.6,10.29
553,Juba,99,SS,1586456788,26,4.85,31.58,92.91,1.21
554,Ibirama,0,BR,1586456788,46,-27.06,-49.52,78.01,1.99
555,Māngrol,0,IN,1586456788,82,21.12,70.12,76.57,9.26
556,Tāoru,20,IN,1586456788,41,28.22,76.95,84.99,7.16
557,Sabang,98,ID,1586456788,75,5.89,95.32,83.55,7.54
558,Kropotkin,0,RU,1586456788,47,45.44,40.58,49.19,7.87
559,Okha,5,RU,1586456789,97,53.57,142.95,21.92,10.78
560,La Macarena,100,CO,1586456789,87,2.18,-73.78,75.38,2.98
561,Tura,6,IN,1586456789,31,25.52,90.22,72.95,6.35
562,Todos Santos,75,MX,1586456789,34,23.45,-110.22,79.0,13.87
563,Seydi,71,TM,1586456789,42,39.48,62.91,50.11,13.91
564,Kampot,94,KH,1586456789,78,10.62,104.18,80.83,3.94
565,Jinji,63,CN,1586456789,83,23.23,110.83,70.36,2.42
566,Krasnosel'kup,60,RU,1586456789,95,65.7,82.47,18.19,17.45
567,Kristianstad,0,SE,1586456790,45,56.03,14.15,46.99,13.87
568,Anshun,92,CN,1586456790,62,26.25,105.93,57.7,13.56
569,Isangel,28,VU,1586456790,71,-19.55,169.27,76.42,14.45
570,Mehamn,100,NO,1586456790,93,71.04,27.85,22.86,19.84
571,San Cristobal,100,VE,1586456790,48,7.77,-72.22,81.54,2.48
572,Devrek,41,TR,1586456790,76,41.22,31.96,44.6,2.01
573,Nsoko,100,SZ,1586456790,83,-27.03,31.95,69.8,1.12
574,Fredonia,40,US,1586456790,65,42.44,-79.33,46.99,17.22
575,Deputatsky,71,RU,1586456791,87,69.3,139.9,12.79,4.16
576,Curup,90,ID,1586456791,79,-3.47,102.53,68.81,3.31
577,Williston,1,US,1586456791,39,48.15,-103.62,33.01,6.93
578,Banikoara,91,BJ,1586456791,46,11.3,2.44,83.68,6.11
579,Lanzhou,1,CN,1586456555,26,36.06,103.79,48.99,8.95
580,Netanya,20,IL,1586456691,67,32.33,34.86,62.01,5.82
